number;id;comments;title;createdAt;closedAt
1;MDU6SXNzdWUyOTk0MzUwNTg=;{'totalCount': 2};English Translation;2018-02-22T17:11:23Z;2018-03-06T02:21:53Z
3;MDU6SXNzdWUyOTk5MjcyMjI=;{'totalCount': 1};Java 基础语法 似乎乱码？;2018-02-24T09:21:09Z;2018-02-25T05:22:00Z
4;MDU6SXNzdWUyOTk5OTU4MzI=;{'totalCount': 10};2016校招18似乎有错吧;2018-02-25T04:03:25Z;2018-03-01T16:01:58Z
5;MDU6SXNzdWUzMDAyODcxMDQ=;{'totalCount': 1};资料中用的是什么UML软件;2018-02-26T15:42:21Z;2018-03-01T16:08:31Z
8;MDU6SXNzdWUzMDA5ODg3NzQ=;{'totalCount': 2};可以同时发布到gitbook上吗;2018-02-28T11:28:12Z;2018-02-28T12:14:16Z
11;MDU6SXNzdWUzMDEzMzA3MzA=;{'totalCount': 9};[基础] + [数据结构] 貌似被删掉了？;2018-03-01T09:20:05Z;2018-03-01T13:32:20Z
13;MDU6SXNzdWUzMDEzOTI3MDI=;{'totalCount': 1};没有放到gitbook上？;2018-03-01T12:50:22Z;2018-03-06T02:22:00Z
15;MDU6SXNzdWUzMDE2NDQyMzM=;{'totalCount': 2};转载申请;2018-03-02T03:47:14Z;2018-03-03T14:45:53Z
25;MDU6SXNzdWUzMDI2NjE0NDI=;{'totalCount': 2};一则建议;2018-03-06T11:20:00Z;2018-03-06T11:57:38Z
26;MDU6SXNzdWUzMDMzNzAzNTA=;{'totalCount': 2};LeetCode 有序数组的 Single Element;2018-03-08T06:26:22Z;2018-03-08T07:24:44Z
27;MDU6SXNzdWUzMDMzNzM3MDc=;{'totalCount': 2};期望加入分布式相关的知识;2018-03-08T06:45:17Z;2018-03-08T06:57:59Z
30;MDU6SXNzdWUzMDM0NDU2Nzg=;{'totalCount': 1};JVM 勘误;2018-03-08T11:21:33Z;2018-03-08T11:55:23Z
33;MDU6SXNzdWUzMDM4NzA2MjM=;{'totalCount': 3};Leetcode : 198. House Robber (Easy);2018-03-09T15:04:23Z;2018-03-10T02:51:34Z
35;MDU6SXNzdWUzMDQwNDU0MTk=;{'totalCount': 1};Java并发中存在一丢丢的笔误;2018-03-10T05:59:17Z;2018-03-10T06:10:52Z
39;MDU6SXNzdWUzMDQyNjIyMzU=;{'totalCount': 1};监听 错写为 检听;2018-03-12T07:14:26Z;2018-03-12T08:03:36Z
40;MDU6SXNzdWUzMDQyNzMzMzI=;{'totalCount': 1};IP 地址错误;2018-03-12T08:07:53Z;2018-03-12T08:13:52Z
42;MDU6SXNzdWUzMDQyODMyNDg=;{'totalCount': 2};Java 基础中对于抽象类的定义感觉有误：望指教;2018-03-12T08:49:26Z;2018-03-12T08:57:29Z
43;MDU6SXNzdWUzMDQyODQyODc=;{'totalCount': 3};交换机说法有点问题;2018-03-12T08:53:07Z;2018-03-12T11:10:49Z
44;MDU6SXNzdWUzMDQzMDk1OTM=;{'totalCount': 9};Web 页面请求过程描述有点问题;2018-03-12T10:11:59Z;2018-03-13T08:33:57Z
48;MDU6SXNzdWUzMDQ2NzEzMDU=;{'totalCount': 1};管道描述问题;2018-03-13T08:40:33Z;2018-03-13T09:11:31Z
49;MDU6SXNzdWUzMDQ2Nzg0NjQ=;{'totalCount': 3};哲学家问题第二个算法依然有死锁问题;2018-03-13T09:04:53Z;2018-03-13T11:33:46Z
52;MDU6SXNzdWUzMDQ4NDcwMDg=;{'totalCount': 21};Please translate to english;2018-03-13T16:48:04Z;2018-11-20T09:38:50Z
53;MDU6SXNzdWUzMDUwMzgxMTY=;{'totalCount': 1};关于 Cache-Control 中的 no-cache 描述问题;2018-03-14T06:31:04Z;2018-03-14T06:39:31Z
54;MDU6SXNzdWUzMDUwNDEzMjc=;{'totalCount': 1};认证描述问题;2018-03-14T06:48:16Z;2018-03-14T07:28:28Z
55;MDU6SXNzdWUzMDUwNjg4MDY=;{'totalCount': 1};两处 film 误打为 file;2018-03-14T08:50:32Z;2018-03-14T09:18:41Z
56;MDU6SXNzdWUzMDUxNDAyMTU=;{'totalCount': 2};部分图片链接挂了，望修复;2018-03-14T12:35:18Z;2018-03-14T12:45:39Z
60;MDU6SXNzdWUzMDU0NzY1MzE=;{'totalCount': 4};贪心算法：投飞镖刺破气球 代码正确，算法描述有误;2018-03-15T09:38:53Z;2018-03-15T10:40:45Z
61;MDU6SXNzdWUzMDU3OTQzNDE=;{'totalCount': 3};leetcode整理的不够300吧？;2018-03-16T03:54:19Z;2018-03-16T05:37:01Z
62;MDU6SXNzdWUzMDU5MzQ1MzI=;{'totalCount': 1};MallarDuck => MallardDuck;2018-03-16T13:49:28Z;2018-03-16T15:34:13Z
63;MDU6SXNzdWUzMDU5MzgzNzg=;{'totalCount': 5};shell排序算法写错了;2018-03-16T14:00:05Z;2018-03-16T23:43:57Z
65;MDU6SXNzdWUzMDYxNTU4NTE=;{'totalCount': 4};可以将图片标签修改为markdown格式![image](url)，IDE导入不能显示图片;2018-03-17T13:17:47Z;2018-03-17T13:25:54Z
66;MDU6SXNzdWUzMDYxNjUzNjg=;{'totalCount': 1};TCP 四次挥手，TIME_WAIT 状态;2018-03-17T15:31:41Z;2018-03-18T03:17:02Z
67;MDU6SXNzdWUzMDYxNzA0MDQ=;{'totalCount': 2};哲学家问题应该是活锁;2018-03-17T16:37:04Z;2018-03-18T02:27:00Z
69;MDU6SXNzdWUzMDYzMDU4Mjg=;{'totalCount': 1};Issue about Interface ;2018-03-19T01:20:18Z;2018-03-19T02:22:57Z
73;MDU6SXNzdWUzMDY3NTA1MzA=;{'totalCount': 1};图片链接错误;2018-03-20T07:06:15Z;2018-03-20T07:53:15Z
74;MDU6SXNzdWUzMDY3ODcxMTE=;{'totalCount': 11};Code section needs to be fixed (1 minute fix);2018-03-20T09:30:01Z;2018-03-20T10:21:52Z
77;MDU6SXNzdWUzMDcyNjE0MTI=;{'totalCount': 1};分布式锁使用场景;2018-03-21T14:11:42Z;2018-03-21T15:01:01Z
79;MDU6SXNzdWUzMDc0NzkyNjY=;{'totalCount': 0};关于参与项目申请;2018-03-22T02:01:25Z;2018-03-22T02:19:02Z
80;MDU6SXNzdWUzMDc0ODc4MDc=;{'totalCount': 3};RTT 错误为 RRT？;2018-03-22T02:52:31Z;2018-03-22T02:57:02Z
83;MDU6SXNzdWUzMDc1Mzk3MjY=;{'totalCount': 1};Java 并发,锁优化段落重复;2018-03-22T07:59:33Z;2018-03-22T08:10:26Z
85;MDU6SXNzdWUzMDc3MTM2MjY=;{'totalCount': 1};关于异步的解释;2018-03-22T16:14:53Z;2018-03-23T01:49:57Z
86;MDU6SXNzdWUzMDc5MTE3NzQ=;{'totalCount': 1};Java泛型详解链接失效;2018-03-23T06:00:11Z;2018-03-23T06:25:18Z
87;MDU6SXNzdWUzMDc5MjgyNTU=;{'totalCount': 4};Why not include some knowledge on machine learning?;2018-03-23T07:34:13Z;2018-03-26T15:32:41Z
90;MDU6SXNzdWUzMDgzMTU4OTA=;{'totalCount': 1};下单场景中，应该是库存和订单不在同一个数据库中;2018-03-25T02:15:39Z;2018-03-25T02:22:31Z
91;MDU6SXNzdWUzMDgzMTcwMTU=;{'totalCount': 1};HTTP 重定向问题;2018-03-25T02:43:15Z;2018-03-25T04:01:28Z
92;MDU6SXNzdWUzMDgzMTc0NjI=;{'totalCount': 0};RedLock 拼写错误;2018-03-25T02:53:37Z;2018-03-25T03:05:43Z
93;MDU6SXNzdWUzMDgzMjQzNzg=;{'totalCount': 1};Git 冲突原因;2018-03-25T05:45:05Z;2018-03-25T08:12:00Z
94;MDU6SXNzdWUzMDg0MDc5MTg=;{'totalCount': 1};建议增加redis数据存储结构的介绍;2018-03-26T01:38:10Z;2018-03-26T02:50:03Z
95;MDU6SXNzdWUzMDg0MTcwNTM=;{'totalCount': 15};希望大家能在这里添加一些自己认为重要的基础知识点，帮助改进本仓库。;2018-03-26T02:49:41Z;2018-04-04T02:58:29Z
96;MDU6SXNzdWUzMDg0MjExNDk=;{'totalCount': 1};适配器模式错误;2018-03-26T03:19:54Z;2018-03-26T03:40:31Z
97;MDU6SXNzdWUzMDg0MjE4NTQ=;{'totalCount': 1};Info about mobile development? ;2018-03-26T03:25:28Z;2018-03-26T06:56:00Z
103;MDU6SXNzdWUzMDg4MTE4ODg=;{'totalCount': 1};Leetcode  413 Arithmetic Slices (Medium);2018-03-27T03:45:13Z;2018-03-27T09:47:54Z
105;MDU6SXNzdWUzMDkxODMxODI=;{'totalCount': 1};请将可能无意侵犯到他人版权的电子书籍下载链接及文章插图移除;2018-03-28T00:49:38Z;2018-03-28T02:48:19Z
106;MDU6SXNzdWUzMDkyMDgwMTc=;{'totalCount': 15};计算机操作系统那里，进程同步是不是有点问题？;2018-03-28T03:26:00Z;2018-07-07T13:34:23Z
108;MDU6SXNzdWUzMDkyMzkxNjI=;{'totalCount': 0};声明（Statement）;2018-03-28T06:40:54Z;2018-04-01T15:16:08Z
110;MDU6SXNzdWUzMDkyODg1MjM=;{'totalCount': 1};纠错：数据库系统原理-两段锁协议;2018-03-28T09:29:58Z;2018-03-28T10:42:16Z
111;MDU6SXNzdWUzMDkyOTM5ODM=;{'totalCount': 1};纠错：数据库系统原理-多版本并发控制-实现过程-SELECT;2018-03-28T09:45:44Z;2018-03-28T10:42:11Z
113;MDU6SXNzdWUzMDk1ODg1MDI=;{'totalCount': 1};Java I/O   NIO 面向流，I/O 面向块 是不是有问题;2018-03-29T01:35:29Z;2018-03-29T01:36:50Z
119;MDU6SXNzdWUzMTAyMjQ4OTM=;{'totalCount': 1};Java基础 - 反射部分的小错误;2018-03-31T08:48:19Z;2018-03-31T08:58:33Z
121;MDU6SXNzdWUzMTAyMzk0NDI=;{'totalCount': 2};能否上传到 GitBook？;2018-03-31T13:06:05Z;2018-05-17T16:45:59Z
123;MDU6SXNzdWUzMTAyOTU3ODU=;{'totalCount': 1};老哥，你算法里ThreeSum优化版的二分查找写的有问题;2018-04-01T05:14:11Z;2018-04-01T05:36:25Z
124;MDU6SXNzdWUzMTAzMDU5NzY=;{'totalCount': 1};你好，可以给下以前分享资料的百度云链接么？;2018-04-01T07:56:35Z;2018-04-02T05:44:35Z
126;MDU6SXNzdWUzMTAzMTc4MjY=;{'totalCount': 1};小错误;2018-04-01T11:49:31Z;2018-04-02T05:44:27Z
128;MDU6SXNzdWUzMTAzMjM1MzI=;{'totalCount': 1};POST 和 GET 区别有点不严谨;2018-04-01T13:26:47Z;2018-04-01T15:17:34Z
130;MDU6SXNzdWUzMTAzODMyMDA=;{'totalCount': 6};打不开了;2018-04-02T03:12:38Z;2018-04-02T05:44:16Z
132;MDU6SXNzdWUzMTA0MTkyMjA=;{'totalCount': 2};Java 容器 HashMap;2018-04-02T07:38:48Z;2018-04-02T08:47:59Z
133;MDU6SXNzdWUzMTA0MjYwMDM=;{'totalCount': 6};负载均衡;2018-04-02T08:17:15Z;2018-04-03T02:14:11Z
138;MDU6SXNzdWUzMTA2NjE1NTc=;{'totalCount': 6};正则表达式  五、重复匹配中email的正则表达式应该为[\w.]+@[\w]+\.[\w]+;2018-04-03T01:22:22Z;2018-04-03T03:05:48Z
140;MDU6SXNzdWUzMTA2Njc0MjY=;{'totalCount': 4};Leetcode 题解;2018-04-03T02:01:26Z;2018-04-03T06:34:59Z
142;MDU6SXNzdWUzMTA3MTkwNzk=;{'totalCount': 2};HashMap的链表插入顺序;2018-04-03T07:09:46Z;2018-04-03T08:14:52Z
143;MDU6SXNzdWUzMTA3MzAzMTc=;{'totalCount': 1};BFS 中遍历例子重复遍历了 4 结点;2018-04-03T07:51:30Z;2018-04-03T14:40:58Z
145;MDU6SXNzdWUzMTEwODIwNjY=;{'totalCount': 3};所有的链接404？;2018-04-04T04:31:59Z;2018-04-04T05:29:32Z
146;MDU6SXNzdWUzMTEwODI0MjM=;{'totalCount': 2};notes 全没了？？;2018-04-04T04:34:35Z;2018-04-04T04:39:42Z
147;MDU6SXNzdWUzMTEwODg1NTA=;{'totalCount': 1};重构里面的图片没了？;2018-04-04T05:17:47Z;2018-04-04T06:45:37Z
149;MDU6SXNzdWUzMTExNjMyMzU=;{'totalCount': 2};ABA 问题;2018-04-04T09:59:31Z;2018-04-04T13:04:37Z
151;MDU6SXNzdWUzMTE0Njk0Nzg=;{'totalCount': 0};很不错 赞一个;2018-04-05T04:33:02Z;2018-04-06T15:01:28Z
152;MDU6SXNzdWUzMTE2MTkwMjA=;{'totalCount': 1};0.0 文件怎么都没了;2018-04-05T13:50:51Z;2018-04-05T14:10:39Z
153;MDU6SXNzdWUzMTE2Mzk1MDM=;{'totalCount': 1};我整理应用层协议的时候查到DNS还用tcp;2018-04-05T14:41:40Z;2018-04-06T07:49:11Z
154;MDU6SXNzdWUzMTE4NzY5NDY=;{'totalCount': 1};改进算法中，binarySearch 错误;2018-04-06T07:45:37Z;2018-04-06T08:27:48Z
155;MDU6SXNzdWUzMTE4ODk0NjY=;{'totalCount': 1};队列出队没有判断队列长度是否大于0;2018-04-06T08:28:55Z;2018-04-06T09:42:40Z
156;MDU6SXNzdWUzMTE5NDY1MTI=;{'totalCount': 1};快排的优化;2018-04-06T11:49:19Z;2018-04-06T11:54:57Z
158;MDU6SXNzdWUzMTE5OTEwNzY=;{'totalCount': 8};难道删库跑路了？;2018-04-06T14:11:21Z;2018-04-11T12:52:54Z
159;MDU6SXNzdWUzMTIwMDM0MDU=;{'totalCount': 1};怎么最近老是删库，幸好我fork了一份，地址内页;2018-04-06T14:44:57Z;2018-04-06T14:49:40Z
160;MDU6SXNzdWUzMTIwMTUwNDE=;{'totalCount': 5};仓库内容错误删除的情况说明;2018-04-06T15:16:14Z;2018-04-15T04:22:01Z
161;MDU6SXNzdWUzMTIxNzUyODQ=;{'totalCount': 1};二叉查找树 中描述错误;2018-04-07T06:23:09Z;2018-04-07T06:41:03Z
162;MDU6SXNzdWUzMTIxNzk4ODY=;{'totalCount': 1};node == nil 会处空指针异常;2018-04-07T07:17:38Z;2018-04-07T07:31:39Z
163;MDU6SXNzdWUzMTIyNjUzOTA=;{'totalCount': 0};Java 并发 部分正在修改;2018-04-08T02:46:42Z;2018-04-08T13:40:15Z
168;MDU6SXNzdWUzMTIzNjcyNjE=;{'totalCount': 2};Git reset;2018-04-09T02:04:31Z;2018-04-09T05:01:35Z
179;MDU6SXNzdWUzMTI4MzU5MTg=;{'totalCount': 1};typo in HTTP;2018-04-10T09:10:42Z;2018-04-10T11:04:43Z
181;MDU6SXNzdWUzMTI5MjYxMTk=;{'totalCount': 3};请教关于软引用的说法;2018-04-10T13:37:34Z;2018-04-11T01:21:06Z
182;MDU6SXNzdWUzMTMwMDIyNDU=;{'totalCount': 1};MySQL5.6.4添加了对InnoDB引擎的全文索引支持;2018-04-10T16:38:01Z;2018-04-12T01:28:23Z
183;MDU6SXNzdWUzMTMxNTkxMjg=;{'totalCount': 1};我觉得可以加一些内容哈;2018-04-11T03:15:25Z;2018-04-11T12:52:42Z
185;MDU6SXNzdWUzMTMxODMyNjQ=;{'totalCount': 3};HashEntry 拼写错误;2018-04-11T05:58:08Z;2018-04-11T13:43:58Z
187;MDU6SXNzdWUzMTM0MDMzMzE=;{'totalCount': 1};interview-notebook正则表达式小修正;2018-04-11T16:42:30Z;2018-04-14T11:35:21Z
189;MDU6SXNzdWUzMTM2MjA3NzM=;{'totalCount': 1};能否增加C/C++基础知识;2018-04-12T08:13:35Z;2018-04-14T11:35:30Z
190;MDU6SXNzdWUzMTM2OTUzODE=;{'totalCount': 4};加一个微服务章节;2018-04-12T11:57:43Z;2018-07-07T13:34:47Z
191;MDU6SXNzdWUzMTM5NDkzNTQ=;{'totalCount': 1};关于JDK1.7之后的改变;2018-04-13T02:32:43Z;2018-07-07T13:33:40Z
193;MDU6SXNzdWUzMTM5ODUzNDQ=;{'totalCount': 1};索引;2018-04-13T06:37:48Z;2018-04-21T12:09:49Z
194;MDU6SXNzdWUzMTQwMDEzMzk=;{'totalCount': 5};select/poll应该是同步阻塞，epoll是同步非阻塞的;2018-04-13T07:44:54Z;2018-06-21T03:09:35Z
196;MDU6SXNzdWUzMTQyODg3ODQ=;{'totalCount': 1};linux.md中标题是SIGCHILD，是否有误？;2018-04-14T01:29:36Z;2018-04-14T11:35:37Z
199;MDU6SXNzdWUzMTQzODE2MzA=;{'totalCount': 1};IP地址正则表达式位置问题;2018-04-15T03:17:29Z;2018-04-15T04:15:40Z
200;MDU6SXNzdWUzMTQzODE2Nzg=;{'totalCount': 1};Leetcode455;2018-04-15T03:18:42Z;2018-04-15T04:15:31Z
203;MDU6SXNzdWUzMTQ1NDEzMzM=;{'totalCount': 1};操作系统互斥共享和同时共享;2018-04-16T08:06:23Z;2018-04-22T13:56:23Z
204;MDU6SXNzdWUzMTQ1NTYzNDM=;{'totalCount': 1};有没有面试常考的数据库优化之类的问题呢？;2018-04-16T08:53:48Z;2018-04-18T05:41:37Z
205;MDU6SXNzdWUzMTQ1NjkxOTM=;{'totalCount': 1};k-th element 堆排序的复杂度问题;2018-04-16T09:29:28Z;2018-04-18T05:38:45Z
207;MDU6SXNzdWUzMTQ4ODg3ODE=;{'totalCount': 3};java 基础 static变量;2018-04-17T03:07:41Z;2018-04-21T12:09:40Z
208;MDU6SXNzdWUzMTQ4OTU4NTI=;{'totalCount': 1};算法4：归并排序;2018-04-17T03:54:08Z;2018-04-21T12:09:30Z
214;MDU6SXNzdWUzMTU4MDU2NDk=;{'totalCount': 1};能否增加一些机器学习的类别？;2018-04-19T09:51:03Z;2018-04-23T04:14:15Z
216;MDU6SXNzdWUzMTYxMTc2ODk=;{'totalCount': 1};前端以及网络的能来一份么;2018-04-20T03:45:59Z;2018-04-23T04:14:09Z
220;MDU6SXNzdWUzMTY0NzQ3Mjg=;{'totalCount': 1};怎么打开;2018-04-21T08:48:41Z;2018-04-22T13:56:12Z
223;MDU6SXNzdWUzMTcwNTk5NDI=;{'totalCount': 1};LeetCode题解;2018-04-24T03:45:38Z;2018-04-25T05:55:47Z
224;MDU6SXNzdWUzMTcxMjU5Mzk=;{'totalCount': 1};HTTP 模块里面怎么连跨域方面的都没有;2018-04-24T08:41:24Z;2018-07-07T13:33:15Z
228;MDU6SXNzdWUzMTc5NDM5Njc=;{'totalCount': 1};错别字;2018-04-26T09:18:40Z;2018-04-28T05:55:54Z
232;MDU6SXNzdWUzMTgzNDk1ODc=;{'totalCount': 1};二分查找问题;2018-04-27T10:00:15Z;2018-05-31T13:14:30Z
234;MDU6SXNzdWUzMTg0NTUyMzM=;{'totalCount': 1};虚拟化有木有;2018-04-27T15:35:24Z;2018-07-07T13:33:00Z
235;MDU6SXNzdWUzMTg1OTM3NDA=;{'totalCount': 2};希望添加C++的内容;2018-04-28T02:51:18Z;2018-07-07T13:32:48Z
236;MDU6SXNzdWUzMTg1OTgxMTM=;{'totalCount': 3};各种设计模式优缺点;2018-04-28T04:04:40Z;2018-06-21T14:07:50Z
238;MDU6SXNzdWUzMTg2MTU3MTk=;{'totalCount': 1};建议添加docker内容;2018-04-28T08:53:31Z;2018-07-07T13:32:33Z
239;MDU6SXNzdWUzMTkxMzc2Mjk=;{'totalCount': 1};错别字;2018-05-01T07:36:54Z;2018-05-04T14:06:08Z
243;MDU6SXNzdWUzMjEwNjY2MjU=;{'totalCount': 0};多谢大神！;2018-05-08T07:05:50Z;2018-05-09T09:16:33Z
244;MDU6SXNzdWUzMjEwOTE5OTU=;{'totalCount': 4};算法：归并排序：自顶到下的归并排序sort的重载函数有问题;2018-05-08T08:34:23Z;2018-05-10T05:17:01Z
250;MDU6SXNzdWUzMjMxNTM5NzU=;{'totalCount': 2};Leetcode题解判断是否为二分图的算法是不是有问题;2018-05-15T10:15:56Z;2018-05-31T13:14:50Z
252;MDU6SXNzdWUzMjM5MzM1MzE=;{'totalCount': 1};Java基础栏的Link 问题;2018-05-17T09:05:07Z;2018-05-24T09:34:24Z
253;MDU6SXNzdWUzMjM5Mzk5NjQ=;{'totalCount': 0};数据库系统原理-锁类型-意向锁表格有错误;2018-05-17T09:22:32Z;2018-05-18T05:08:31Z
254;MDU6SXNzdWUzMjQwNjY1ODY=;{'totalCount': 1};只有针对计算机基础、数据结构和算法的，还有后台服务器的，有针对客户端开发专栏吗;2018-05-17T15:10:02Z;2018-05-31T13:15:03Z
258;MDU6SXNzdWUzMjQ0Nzk1NTQ=;{'totalCount': 1};建议增加zookeeper和消息队列;2018-05-18T16:43:18Z;2018-07-07T13:32:23Z
259;MDU6SXNzdWUzMjQ0ODAyNDI=;{'totalCount': 3};使用gitbook比这更省事，建议作者更换成gitbook和gh-page。在github生成ghpage;2018-05-18T16:45:39Z;2018-06-15T01:57:26Z
263;MDU6SXNzdWUzMjY4ODI1NDg=;{'totalCount': 1};在Java垃圾回收部分的描述中是将需要回收的对象进行标记？不是将GC Roots可达的对象标记为存活对象吗？;2018-05-28T03:10:39Z;2018-05-31T13:14:09Z
265;MDU6SXNzdWUzMjcxNTcwNzQ=;{'totalCount': 0};数据库  两段锁协议;2018-05-29T03:13:52Z;2018-05-29T03:21:07Z
266;MDU6SXNzdWUzMjc1OTgzNTc=;{'totalCount': 2};错别字;2018-05-30T07:03:04Z;2018-05-31T13:13:58Z
268;MDU6SXNzdWUzMjgwMTY0OTk=;{'totalCount': 44};版主弄个微信群吧;2018-05-31T06:59:13Z;2018-11-20T09:38:15Z
272;MDU6SXNzdWUzMjkzNjcwMDE=;{'totalCount': 4};只想表达感谢！;2018-06-05T09:11:45Z;2018-06-30T08:37:54Z
273;MDU6SXNzdWUzMzAxMjAzODc=;{'totalCount': 1};Leetcode-Database 题解，内容问题;2018-06-07T05:17:22Z;2018-06-07T06:46:55Z
276;MDU6SXNzdWUzMzExMDk3NjQ=;{'totalCount': 1};增加机器学习的内容;2018-06-11T09:24:34Z;2018-06-15T01:56:57Z
278;MDU6SXNzdWUzMzE1NzUyMDU=;{'totalCount': 1};小bug;2018-06-12T12:54:59Z;2018-06-15T01:56:34Z
280;MDU6SXNzdWUzMzIyNDMyNTA=;{'totalCount': 4};一个简单的提问;2018-06-14T03:55:32Z;2018-06-15T01:56:27Z
282;MDU6SXNzdWUzMzMwMDA2Mzc=;{'totalCount': 2};分布式基础那章还有么;2018-06-16T17:00:59Z;2018-06-20T02:19:32Z
283;MDU6SXNzdWUzMzMwODM0OTI=;{'totalCount': 1};编程题那一块希望作者添加一下牛客网上2016，2017的校招编程题，感谢🙏;2018-06-17T18:40:17Z;2018-06-21T05:47:26Z
285;MDU6SXNzdWUzMzM2MTMwMDQ=;{'totalCount': 1};错别字;2018-06-19T10:33:00Z;2018-06-20T07:01:56Z
286;MDU6SXNzdWUzMzM5MDEzMjc=;{'totalCount': 1};表格排版错误;2018-06-20T02:21:41Z;2018-06-21T05:47:23Z
287;MDU6SXNzdWUzMzQzMDk1MTE=;{'totalCount': 1};关于专业术语;2018-06-21T01:57:56Z;2018-06-21T02:07:03Z
289;MDU6SXNzdWUzMzQ3NjM5Nzg=;{'totalCount': 5};请问一下 这代码是从数据结构与算法：java语言描述重构过来的吗？;2018-06-22T06:44:13Z;2018-06-24T04:35:21Z
291;MDU6SXNzdWUzMzUxMjMzOTU=;{'totalCount': 2};notes/剑指 offer 题解.md#3-数组中重复的数字;2018-06-23T19:02:15Z;2018-06-24T05:22:33Z
294;MDU6SXNzdWUzMzYyMzc3MjA=;{'totalCount': 8};【面试笔记pdf离线版制作完成】https://github.com/sjsdfg/Interview-Notebook-PDF;2018-06-27T13:47:01Z;2018-06-28T09:50:26Z
295;MDU6SXNzdWUzMzY0MjY4MTM=;{'totalCount': 0};可能是笔误;2018-06-27T23:53:13Z;2018-06-28T02:04:22Z
298;MDU6SXNzdWUzMzY0ODE5MzY=;{'totalCount': 0};Gitbook 已制作完成;2018-06-28T05:54:18Z;2018-07-18T06:16:55Z
299;MDU6SXNzdWUzMzY1NTA2NjE=;{'totalCount': 7};PDF 离线版下载;2018-06-28T09:49:03Z;2018-12-21T03:52:35Z
306;MDU6SXNzdWUzMzkxODg3NzA=;{'totalCount': 1};重构 7.6 无图;2018-07-08T01:42:26Z;2018-07-09T14:59:22Z
309;MDU6SXNzdWUzMzk3MTM2Mzg=;{'totalCount': 0};JVM那一章挂了，404;2018-07-10T06:47:00Z;2018-07-10T06:51:08Z
312;MDU6SXNzdWUzMzk5MTQzNTM=;{'totalCount': 0};算法的 33，后续遍历;2018-07-10T16:18:30Z;2018-07-10T16:19:30Z
314;MDU6SXNzdWUzNDAwNzc1NDg=;{'totalCount': 3};画图工具和相关写作软件;2018-07-11T03:20:22Z;2018-09-10T03:49:04Z
315;MDU6SXNzdWUzNDAxMzQ5Mzc=;{'totalCount': 4};建议sql里面limit稍微修改下;2018-07-11T08:08:42Z;2018-07-13T14:02:06Z
316;MDU6SXNzdWUzNDA0NzAyODE=;{'totalCount': 1};感谢此项目！可以在[工具]里添加docker之类的常用工具;2018-07-12T02:46:56Z;2018-07-13T01:11:16Z
328;MDU6SXNzdWUzNDIyNTA1Mjg=;{'totalCount': 6};关于操作系统篇——经典同步问题的补充;2018-07-18T09:36:24Z;2018-09-07T16:00:25Z
332;MDU6SXNzdWUzNDI1ODg1MjQ=;{'totalCount': 1};Hyperlink error;2018-07-19T05:56:42Z;2018-07-19T14:02:15Z
334;MDU6SXNzdWUzNDI2MjAxNTM=;{'totalCount': 2};剑指offer 15. 二进制中 1 的个数 为什么时间复杂度是O(logM) 不该是O(M)吗;2018-07-19T08:01:50Z;2018-07-19T14:01:59Z
337;MDU6SXNzdWUzNDM2NDE5ODI=;{'totalCount': 2};剑指offer  #11 旋转数组中的最小数字 算法有点小问题 ;2018-07-23T13:50:44Z;2018-07-31T05:12:29Z
338;MDU6SXNzdWUzNDM4NzY4NDQ=;{'totalCount': 1};java.md;2018-07-24T04:03:55Z;2018-07-31T05:11:47Z
340;MDU6SXNzdWUzNDUwNDk5ODM=;{'totalCount': 0};剑指offer——链表中环的入口结点;2018-07-27T00:29:40Z;2018-07-27T00:42:27Z
342;MDU6SXNzdWUzNDU0NDc5Nzk=;{'totalCount': 1};redis数据淘汰策略缺少两种;2018-07-28T13:21:13Z;2018-08-02T16:02:36Z
344;MDU6SXNzdWUzNDU2ODc2NDM=;{'totalCount': 3};阿里巴巴秋季校园招聘;2018-07-30T09:51:16Z;2018-08-09T15:46:04Z
356;MDU6SXNzdWUzNDc2Nzk4MDU=;{'totalCount': 1};有个小问题;2018-08-05T08:31:18Z;2018-08-07T09:55:42Z
365;MDU6SXNzdWUzNDkzNTIxNDU=;{'totalCount': 1};关于ArrayList的源码中的序列化部分;2018-08-10T02:15:07Z;2018-08-14T13:07:48Z
371;MDU6SXNzdWUzNTA3MDk0MjA=;{'totalCount': 2};关于java基础/重载与重写/中关于重载返回类型感觉有歧义;2018-08-15T07:15:00Z;2018-08-16T04:54:53Z
372;MDU6SXNzdWUzNTA4MjM4NTc=;{'totalCount': 1};关于jvm的设置;2018-08-15T14:10:19Z;2018-08-16T04:54:45Z
374;MDU6SXNzdWUzNTE0MzQ5NjA=;{'totalCount': 1};Java 容器里的图片打不开了;2018-08-17T02:26:04Z;2018-08-17T13:12:24Z
375;MDU6SXNzdWUzNTE0OTUyNzc=;{'totalCount': 1};One little error statement in java collection. ;2018-08-17T07:59:16Z;2018-08-19T12:11:59Z
378;MDU6SXNzdWUzNTIxMjYyNTc=;{'totalCount': 1};“算法”中快速算法的切分部分图片是不是有错误？;2018-08-20T13:05:13Z;2018-08-22T02:44:18Z
381;MDU6SXNzdWUzNTI3NzM2ODg=;{'totalCount': 1};Sentinel（哨兵）可以监听主服务器是不是有误导嫌疑;2018-08-22T02:04:03Z;2018-08-22T06:12:09Z
383;MDU6SXNzdWUzNTMyNzQ5MTY=;{'totalCount': 1};剑指offer“ 20. 表示数值的字符串” 测试用例输出错误;2018-08-23T08:24:04Z;2018-08-28T13:52:33Z
387;MDU6SXNzdWUzNTQxNTI3MDA=;{'totalCount': 1};关于《算法四》开头部分的3sum问题;2018-08-27T01:50:50Z;2018-08-29T09:35:14Z
388;MDU6SXNzdWUzNTQzMDUwMjA=;{'totalCount': 1};Java 集合;2018-08-27T12:48:43Z;2018-08-28T13:54:09Z
392;MDU6SXNzdWUzNTQ5NjczNTY=;{'totalCount': 2};Java IO里关闭流的顺序错了;2018-08-29T02:07:06Z;2018-08-29T09:35:05Z
393;MDU6SXNzdWUzNTQ5Njc5OTc=;{'totalCount': 2};java并发，main函数位置;2018-08-29T02:10:52Z;2018-08-29T09:34:41Z
394;MDU6SXNzdWUzNTUwNTYwMzA=;{'totalCount': 1};小问题请教;2018-08-29T08:39:55Z;2018-08-29T09:34:22Z
396;MDU6SXNzdWUzNTYxNzgxNzc=;{'totalCount': 0};Improvement for merge sort.;2018-09-01T06:49:14Z;2018-09-05T04:52:47Z
397;MDU6SXNzdWUzNTYzNTQ2MzY=;{'totalCount': 3};“系统设计”下的“安全性”文档缺失;2018-09-03T04:30:03Z;2018-09-03T09:34:05Z
399;MDU6SXNzdWUzNTY3NzI0NDM=;{'totalCount': 3};是一个很棒的repo，想加入一起写。;2018-09-04T11:44:00Z;2018-09-07T16:00:55Z
402;MDU6SXNzdWUzNTcxMzc1ODM=;{'totalCount': 1};剑指offer31：栈的压入，弹出序列，测试用例报出EmptyStackException异常;2018-09-05T09:16:19Z;2018-09-06T09:23:54Z
406;MDU6SXNzdWUzNTc1NDgyNzQ=;{'totalCount': 3};VARCHAR 会保留字符串末尾的空格，而 CHAR 会删除;2018-09-06T08:27:20Z;2018-09-06T09:35:24Z
410;MDU6SXNzdWUzNTgyNjQ2NzA=;{'totalCount': 4};增加各大公司的编程题讨论吧;2018-09-08T04:58:50Z;2018-09-11T04:45:46Z
411;MDU6SXNzdWUzNTg1MDMzNzM=;{'totalCount': 1};错误提交。;2018-09-10T07:40:56Z;2018-09-10T08:01:01Z
414;MDU6SXNzdWUzNTg5MzE5ODM=;{'totalCount': 1};语言里面怎么没有C和C++系列的呀？;2018-09-11T08:03:01Z;2018-09-17T02:57:58Z
420;MDU6SXNzdWUzNjAzMDQyMjM=;{'totalCount': 5};剑指Offer题解 细节问题;2018-09-14T13:26:20Z;2018-09-14T14:23:45Z
428;MDU6SXNzdWUzNjIwNTQ4MjY=;{'totalCount': 1};软件工程功能模块;2018-09-20T07:34:01Z;2018-09-22T04:41:21Z
430;MDU6SXNzdWUzNjI4MzI3ODk=;{'totalCount': 4};Collection的uml图里SortSet打错了;2018-09-22T06:59:55Z;2018-09-22T07:13:59Z
431;MDU6SXNzdWUzNjI4MzQ0MTU=;{'totalCount': 4};区块链;2018-09-22T07:27:35Z;2018-09-22T12:39:35Z
434;MDU6SXNzdWUzNjI5MzM5OTk=;{'totalCount': 0};Redis 4.0 新支持的淘汰侧率 Least Frequently Used;2018-09-23T11:10:14Z;2018-09-23T15:03:55Z
438;MDU6SXNzdWUzNjc1NTg4ODc=;{'totalCount': 2};关于[CS-Notes/notes/Java IO/套接字 NIO 实例]字符转换问题;2018-10-07T14:19:12Z;2018-10-08T12:13:50Z
439;MDU6SXNzdWUzNjg5MjY0NzE=;{'totalCount': 1};7层网络协议;2018-10-11T02:27:09Z;2018-10-11T02:38:11Z
440;MDU6SXNzdWUzNjk4MDI1NzE=;{'totalCount': 1};算法板块中的选择排序代码优化;2018-10-13T13:32:30Z;2018-10-13T13:34:39Z
441;MDU6SXNzdWUzNjk5MDE3MzA=;{'totalCount': 1};框架知识能不能写些;2018-10-14T13:21:08Z;2018-10-14T17:27:24Z
442;MDU6SXNzdWUzNzAwODE3NTE=;{'totalCount': 1};拼写错误;2018-10-15T09:46:20Z;2018-10-15T13:50:29Z
443;MDU6SXNzdWUzNzA0MTUwMzE=;{'totalCount': 2};剑指 offer 题解#34;2018-10-16T02:34:25Z;2018-10-16T08:55:42Z
446;MDU6SXNzdWUzNzIzMDI5Mzk=;{'totalCount': 1};Java容器中hashmap size的描述;2018-10-21T11:05:45Z;2018-11-20T09:11:44Z
449;MDU6SXNzdWUzNzQyNTY2NTc=;{'totalCount': 1};在sql这个版块中的失误;2018-10-26T07:16:57Z;2018-11-16T08:02:03Z
458;MDU6SXNzdWUzODI1NzcwOTY=;{'totalCount': 5};笔记转为 PDF 的解决方案;2018-11-20T09:41:45Z;2018-11-20T14:45:49Z
459;MDU6SXNzdWUzODI1NzkzMTI=;{'totalCount': 5};写作工具;2018-11-20T09:47:12Z;2018-12-20T12:38:51Z
461;MDU6SXNzdWUzODI2MjE1NTA=;{'totalCount': 1};poll->pool;2018-11-20T11:32:36Z;2018-11-20T14:43:45Z
465;MDU6SXNzdWUzODM4MjkwNDY=;{'totalCount': 3};数据库原理--“S 锁只与 S 锁和 IS 锁兼容，也就是说事务 T 想要对数据行加 S 锁，其它事务可以已经获得对表或者表中的行的 S 锁。”;2018-11-23T13:42:09Z;2018-11-24T03:13:19Z
474;MDU6SXNzdWUzODY1MTU5ODk=;{'totalCount': 1};Java并发第六节的IllegalMonitorStateExeception的单词写错了exception才对;2018-12-02T01:28:38Z;2018-12-02T11:00:27Z
476;MDU6SXNzdWUzODY1NDk5MzM=;{'totalCount': 6};请教一下，如何可以搜索该项目;2018-12-02T11:13:59Z;2018-12-02T16:08:40Z
477;MDU6SXNzdWUzODY1NTIzNTM=;{'totalCount': 1};代码规范可以参考阿里发布的《阿里巴巴java编程规范》;2018-12-02T11:50:43Z;2018-12-02T15:50:15Z
481;MDU6SXNzdWUzODc1NjgwMTk=;{'totalCount': 1};算法部分快速排序partition对有相同元素的数组是好像是错误的;2018-12-05T02:37:35Z;2018-12-05T02:57:02Z
482;MDU6SXNzdWUzODc1NzA1NTU=;{'totalCount': 6};关于IO多路复用为什么搭配非阻塞IO？;2018-12-05T02:50:17Z;2019-06-27T03:07:35Z
483;MDU6SXNzdWUzODgwODQwNzI=;{'totalCount': 1};剑指offer，第5题是不是写复杂了;2018-12-06T07:09:58Z;2018-12-06T07:45:12Z
484;MDU6SXNzdWUzODgwODkzMTQ=;{'totalCount': 1};我研究生研究cv方面深度学习的，该方面的岗位多不多楼主，还是说我得换大数据/后台了;2018-12-06T07:30:56Z;2018-12-06T07:47:32Z
485;MDU6SXNzdWUzODg0ODEzOTc=;{'totalCount': 1};口语叙述不当;2018-12-07T02:35:06Z;2018-12-08T07:42:10Z
490;MDU6SXNzdWUzODg5NjkwNjE=;{'totalCount': 1};关于分布式事物;2018-12-08T23:20:46Z;2018-12-16T12:47:01Z
498;MDU6SXNzdWUzOTE5Nzg0MDE=;{'totalCount': 2};希望能有epub版本的格式。;2018-12-18T03:09:48Z;2018-12-19T07:43:41Z
509;MDU6SXNzdWUzOTM3MTg3MzU=;{'totalCount': 1};计算机网络的常用网络端口中表格语法有问题;2018-12-23T03:00:43Z;2018-12-23T03:20:52Z
513;MDU6SXNzdWUzOTQxMDM5Mzc=;{'totalCount': 2};剑指offer中剪绳子贪心算法分析问题;2018-12-26T07:33:18Z;2018-12-28T09:37:20Z
514;MDU6SXNzdWUzOTQyNzk2MjA=;{'totalCount': 1};leetcode 题解 37. Sudoku Solver (Hard);2018-12-27T02:52:14Z;2018-12-28T09:26:13Z
517;MDU6SXNzdWUzOTQ1MzA3MzA=;{'totalCount': 1};BOOKLIST.md里的[Create a TinyURL System][具体问题]跳转有问题;2018-12-28T02:32:51Z;2018-12-28T09:21:06Z
520;MDU6SXNzdWUzOTQ3NTkxNDg=;{'totalCount': 1};貌似分布式事务缺少了3PC的内容，还是我没找到~;2018-12-29T04:10:28Z;2018-12-29T10:28:43Z
523;MDU6SXNzdWUzOTQ5NTA3MDM=;{'totalCount': 2};关于MySQL时间类型选择上的问题;2018-12-31T09:13:31Z;2019-01-05T01:50:35Z
526;MDU6SXNzdWUzOTU1NDA0MzI=;{'totalCount': 2};LeetCode题解之Perfect Squares的BFS解法错误;2019-01-03T11:30:39Z;2019-01-04T10:45:01Z
536;MDU6SXNzdWUzOTc2NTUzNDI=;{'totalCount': 2};缓存LRU有BUG;2019-01-10T03:16:28Z;2019-01-10T08:05:58Z
537;MDU6SXNzdWUzOTc2OTM3ODU=;{'totalCount': 4};java 虚拟机.md 类加载机制描述错误;2019-01-10T06:46:51Z;2019-01-10T08:32:51Z
542;MDU6SXNzdWU0MDAwODQ0MDU=;{'totalCount': 4};剑指offer 第23题和第18.2题;2019-01-17T02:30:48Z;2019-01-17T03:29:04Z
544;MDU6SXNzdWU0MDEwNTExOTg=;{'totalCount': 1};为什么文件里的链接不是相对定位呢，clone下来点击会跳转github;2019-01-20T01:08:29Z;2019-01-20T02:19:04Z
545;MDU6SXNzdWU0MDE2Njg4NTc=;{'totalCount': 1};Minor typo;2019-01-22T09:22:25Z;2019-01-22T10:26:30Z
548;MDU6SXNzdWU0MDIxMTM2MTU=;{'totalCount': 1};剑指 Offer 第40题;2019-01-23T07:57:44Z;2019-01-24T02:28:47Z
549;MDU6SXNzdWU0MDI2Njg2Nzk=;{'totalCount': 1};LeetCode划分数组为和相等的两部分;2019-01-24T11:43:00Z;2019-01-25T04:12:42Z
554;MDU6SXNzdWU0MDYwNTE3NzU=;{'totalCount': 2};操作系统概述部分：虚拟和异步知识点不太严谨;2019-02-03T04:30:35Z;2019-02-03T06:37:09Z
557;MDU6SXNzdWU0MDkzMzAyMDU=;{'totalCount': 2};12.矩阵中的路径，这么做感觉更好;2019-02-12T14:35:30Z;2019-06-09T11:49:35Z
562;MDU6SXNzdWU0MTEwNDYzNDA=;{'totalCount': 8};b+树的疑惑;2019-02-16T08:23:29Z;2019-06-09T11:50:08Z
563;MDU6SXNzdWU0MTEwNzc0NTY=;{'totalCount': 1};我有个疑惑;2019-02-16T14:25:41Z;2019-02-17T13:33:39Z
564;MDU6SXNzdWU0MTExNTQxNTM=;{'totalCount': 2};boolean数组中的元素大小和boolean变量大小区别;2019-02-17T06:20:59Z;2019-02-17T08:27:46Z
566;MDU6SXNzdWU0MTExNzY5MDA=;{'totalCount': 5};UML 关系图画错了;2019-02-17T11:22:57Z;2019-02-17T11:55:18Z
567;MDU6SXNzdWU0MTEyMTIyODg=;{'totalCount': 18};小调查：本项目是否帮你拿到了 Offer？;2019-02-17T17:31:07Z;2019-06-19T04:01:44Z
570;MDU6SXNzdWU0MTE5ODkxNTQ=;{'totalCount': 1};18.1 O(1)删除节点;2019-02-19T15:43:36Z;2019-02-21T09:48:11Z
572;MDU6SXNzdWU0MTI3OTc1Nzg=;{'totalCount': 1};TCP 可靠传输中加权平均往返时间 RTTs 公式笔误;2019-02-21T08:12:30Z;2019-02-21T08:37:05Z
573;MDU6SXNzdWU0MTI4ODAyOTI=;{'totalCount': 1};18.1 在 O(1) 时间内删除链表节点的时间复杂度;2019-02-21T11:34:28Z;2019-06-09T11:50:38Z
574;MDU6SXNzdWU0MTI5MDY0Njk=;{'totalCount': 1};java并发 InterruptedException部分一点疑问;2019-02-21T12:44:01Z;2019-06-15T02:36:30Z
576;MDU6SXNzdWU0MTM2ODIyMzc=;{'totalCount': 1};“类初始化时机”不对，应该是“类加载时机”;2019-02-23T10:36:00Z;2019-02-24T05:30:35Z
577;MDU6SXNzdWU0MTM2ODIyODg=;{'totalCount': 1};建议加一本参考资料;2019-02-23T10:36:32Z;2019-02-23T10:56:37Z
578;MDU6SXNzdWU0MTM2ODIzMjE=;{'totalCount': 1};java IO 图片有误;2019-02-23T10:36:58Z;2019-02-24T05:29:49Z
579;MDU6SXNzdWU0MTM3MDgyOTM=;{'totalCount': 2};I/O复用的数据拷贝方向有问题;2019-02-23T15:51:26Z;2019-02-24T05:24:40Z
580;MDU6SXNzdWU0MTM5MjE1NTk=;{'totalCount': 2};SQL 疑问;2019-02-25T03:52:41Z;2019-06-27T03:07:55Z
584;MDU6SXNzdWU0MTQ0NTk2OTU=;{'totalCount': 1};希尔排序图片有误;2019-02-26T06:57:20Z;2019-02-26T07:24:53Z
585;MDU6SXNzdWU0MTU0MDQ0MDk=;{'totalCount': 1};404挂了，老铁;2019-02-28T01:28:47Z;2019-02-28T07:06:36Z
588;MDU6SXNzdWU0MTYzNDQ4MTg=;{'totalCount': 2};归并排序 笔误;2019-03-02T02:13:36Z;2019-03-02T02:19:28Z
589;MDU6SXNzdWU0MTY1OTI0MzM=;{'totalCount': 2};剑指offer21题，奇偶分前后的那题有空间复杂度O(1)的解法;2019-03-04T01:19:00Z;2019-05-10T04:04:41Z
592;MDU6SXNzdWU0MTcxNTQ4NTk=;{'totalCount': 4};桶排序 出现频率最多的 k 个数 java.lang.NullPointerException;2019-03-05T07:27:07Z;2019-03-06T12:41:25Z
593;MDU6SXNzdWU0MTc2NDA0NTg=;{'totalCount': 1};剑指offer第68题;2019-03-06T06:15:01Z;2019-03-07T14:48:02Z
594;MDU6SXNzdWU0MTc2Njg0NDg=;{'totalCount': 5};线性探测实现代码的小优化;2019-03-06T07:54:38Z;2019-03-24T14:14:29Z
595;MDU6SXNzdWU0MTg1OTk1MTU=;{'totalCount': 1};java 并发要不要考虑加一节 线程池 呢？;2019-03-08T02:09:24Z;2019-03-24T14:14:21Z
596;MDU6SXNzdWU0MTg3NjkyMTY=;{'totalCount': 1};Java基础/基本类型最后一句话。;2019-03-08T12:33:33Z;2019-03-08T15:56:37Z
597;MDU6SXNzdWU0MTg3NzMxMTA=;{'totalCount': 1};剑指offer 35 题;2019-03-08T12:46:46Z;2019-03-21T14:39:58Z
598;MDU6SXNzdWU0MTkwODM2MTk=;{'totalCount': 1};算法-栈和队列内容与算法 - 并查集内容重复了;2019-03-09T15:34:32Z;2019-03-09T15:47:01Z
599;MDU6SXNzdWU0MTkxNTQ5NTc=;{'totalCount': 1};CS-Notes/docs/notes/计算机操作系统 - 目录1.md下的连接目录貌似不对;2019-03-10T07:12:50Z;2019-03-21T14:39:29Z
600;MDU6SXNzdWU0MTkxNTk3MzQ=;{'totalCount': 1};B Tree和B+ Tree的区别;2019-03-10T08:24:46Z;2019-06-27T03:08:04Z
601;MDU6SXNzdWU0MTkxNzk5MTI=;{'totalCount': 1};设计模式-原型模式是不是应该继承Cloneable接口;2019-03-10T12:28:23Z;2019-03-24T14:14:14Z
603;MDU6SXNzdWU0MTkyNjk4NDE=;{'totalCount': 2};Java 容器 HashMap自定义类型的比较;2019-03-11T02:30:46Z;2019-03-12T01:15:54Z
604;MDU6SXNzdWU0MTk3ODk3Mjc=;{'totalCount': 2};这样表述会不会更好一些？;2019-03-12T03:51:54Z;2019-03-24T14:14:09Z
605;MDU6SXNzdWU0MTk4NDIzNTI=;{'totalCount': 1};操作系统-使用管程实现生产者消费者-示例代码中的疑问;2019-03-12T07:41:23Z;2019-05-10T04:05:52Z
608;MDU6SXNzdWU0MjE0MDcwMjY=;{'totalCount': 3};你那个数独的解法i变成1才对;2019-03-15T08:35:15Z;2019-03-15T11:53:37Z
609;MDU6SXNzdWU0MjE1MjUzNjQ=;{'totalCount': 1};BFS中第一题有点小错误;2019-03-15T13:43:50Z;2019-03-21T14:19:55Z
610;MDU6SXNzdWU0MjE4MTgzNzQ=;{'totalCount': 2};MySQL章节的一个小问题;2019-03-16T15:22:22Z;2019-03-17T12:34:16Z
611;MDU6SXNzdWU0MjE4ODY4OTI=;{'totalCount': 1};剑指offer 51. 数组中的逆序对;2019-03-17T06:13:53Z;2019-03-17T14:17:18Z
616;MDU6SXNzdWU0MjIwMTExNzk=;{'totalCount': 1};状态方程写错了 ;2019-03-18T02:28:07Z;2019-03-18T02:35:45Z
618;MDU6SXNzdWU0MjIzMDI5MzM=;{'totalCount': 1};剑指Offer41题是否需要考虑只输入一个数字的情况;2019-03-18T16:06:01Z;2019-03-21T14:28:34Z
619;MDU6SXNzdWU0MjI3NDQ1MDk=;{'totalCount': 1};计算机网络分太细了;2019-03-19T13:53:08Z;2019-03-19T15:43:29Z
621;MDU6SXNzdWU0MjMwMzAxMzU=;{'totalCount': 2};计算机网络概述里ISP结构图有问题;2019-03-20T01:56:09Z;2019-03-21T14:28:48Z
622;MDU6SXNzdWU0MjMwNDEwOTc=;{'totalCount': 1};计算机网络概述里的时延问题;2019-03-20T02:50:03Z;2019-05-10T04:06:02Z
627;MDU6SXNzdWU0MjM1OTAyMDc=;{'totalCount': 0};java虚拟机部分虚引用错误?;2019-03-21T06:45:27Z;2019-03-22T07:59:53Z
628;MDU6SXNzdWU0MjQwMTY0OTY=;{'totalCount': 2};简单选择 和 直接插入 排序比较中 备注写错;2019-03-22T02:10:22Z;2019-03-23T09:14:33Z
636;MDU6SXNzdWU0MjQ2MTY2Mzk=;{'totalCount': 2};请问该源码导入idea无法编译怎么办;2019-03-24T14:03:00Z;2019-03-24T23:49:51Z
642;MDU6SXNzdWU0MjYyNjM1NDk=;{'totalCount': 1};算法目录;2019-03-28T02:19:18Z;2019-04-11T14:47:53Z
647;MDU6SXNzdWU0Mjg3Njg3NDY=;{'totalCount': 2};路由器分组转发流程中有个概念不懂;2019-04-03T13:29:41Z;2019-06-09T11:49:19Z
657;MDU6SXNzdWU0MzAzMTA3NTE=;{'totalCount': 1};Java基础 继承栏中遗漏;2019-04-08T08:05:26Z;2019-05-07T00:48:08Z
659;MDU6SXNzdWU0MzAzNDg5ODk=;{'totalCount': 1};剑指offer中斐波那契数列的第三种解法fib[2]的值疑惑;2019-04-08T09:34:11Z;2019-04-11T14:54:21Z
665;MDU6SXNzdWU0MzI0MzY2NjI=;{'totalCount': 0};三次握手 为啥 客户端 要丢失 迟到的来之服务器数据包的确认;2019-04-12T07:59:17Z;2019-04-17T08:43:50Z
669;MDU6SXNzdWU0MzI5MjM0Njk=;{'totalCount': 3};内退岗位;2019-04-14T02:12:04Z;2019-05-10T04:08:06Z
672;MDU6SXNzdWU0MzMxNzcwNTU=;{'totalCount': 2};网站URL访问不了;2019-04-15T09:17:08Z;2019-04-18T06:40:17Z
673;MDU6SXNzdWU0MzMzMjYzMDM=;{'totalCount': 1};作者是否有意把leetcode 也加进小程序中;2019-04-15T14:51:41Z;2019-04-20T08:55:09Z
677;MDU6SXNzdWU0MzQ1NzQ5NjQ=;{'totalCount': 2};技术导图？;2019-04-18T03:34:32Z;2019-04-26T05:37:09Z
678;MDU6SXNzdWU0MzUzNDQxMjk=;{'totalCount': 1};关于抽象方法一定位于抽象类中的疑问;2019-04-20T01:46:39Z;2019-04-20T09:00:38Z
679;MDU6SXNzdWU0MzUzNjE4NjE=;{'totalCount': 4};Leetcode-Database题解 178答案错误;2019-04-20T06:16:53Z;2019-06-04T15:11:41Z
680;MDU6SXNzdWU0MzU0NjUwMTg=;{'totalCount': 2};jdk 1.8 中 hashMap hash冲突时 加入新元素 尾插法不是头插法;2019-04-21T01:45:44Z;2019-04-23T02:56:32Z
681;MDU6SXNzdWU0MzU1MTA3NDM=;{'totalCount': 2};网站主题或使用的框架;2019-04-21T13:39:01Z;2019-04-22T13:56:07Z
689;MDU6SXNzdWU0Mzc5MzkyOTU=;{'totalCount': 1};网络部分 Socket 对应的文件怎么是讲 IO 的？;2019-04-27T12:35:53Z;2019-05-10T04:06:16Z
694;MDU6SXNzdWU0NDA5ODcyOTg=;{'totalCount': 1};Leetcode 题解 DP「数组中等差递增子区间的个数」描述不准确;2019-05-07T01:45:39Z;2019-06-04T15:11:05Z
696;MDU6SXNzdWU0NDE1NDAwMTI=;{'totalCount': 1};“HashMap 使用拉链法来解决冲突，同一个链表中存放哈希值相同的 Entry” 这个说法不准确;2019-05-08T03:57:52Z;2019-05-10T04:06:26Z
699;MDU6SXNzdWU0NDIyOTg1OTg=;{'totalCount': 2};笔误;2019-05-09T15:31:34Z;2019-05-14T16:05:53Z
701;MDU6SXNzdWU0NDI5OTExODQ=;{'totalCount': 3};I/O中ServerSocket是没有ServerSocket(port, timeout)这个构造函数的;2019-05-11T13:04:51Z;2019-05-14T08:57:39Z
702;MDU6SXNzdWU0NDMwNTg0MDQ=;{'totalCount': 1};QQ群图片挂了;2019-05-12T02:59:55Z;2019-05-12T12:17:34Z
705;MDU6SXNzdWU0NDQzNTc3NTc=;{'totalCount': 1};剑指Offer：51. 数组中的逆序对;2019-05-15T10:23:53Z;2019-06-04T15:09:00Z
706;MDU6SXNzdWU0NDQ4MjMwODY=;{'totalCount': 3};关于数据库系统原理-MVCC-实现过程-SELECT的疑问;2019-05-16T08:32:51Z;2019-06-17T16:12:08Z
707;MDU6SXNzdWU0NDQ4NDkxMzA=;{'totalCount': 1};建议增加spring的模块;2019-05-16T09:28:42Z;2019-06-04T15:09:08Z
710;MDU6SXNzdWU0NDU4MzY3Njc=;{'totalCount': 3};算法中ThreeSum的第一种解法有重复值答案不准确;2019-05-19T16:16:46Z;2019-06-09T11:49:03Z
711;MDU6SXNzdWU0NDU5OTM2MTE=;{'totalCount': 4};java并发部分，线程的状态图;2019-05-20T08:45:58Z;2019-06-04T14:33:32Z
713;MDU6SXNzdWU0NDY5MTEzMjk=;{'totalCount': 1};关于redis部分的论坛分析系统;2019-05-22T03:06:04Z;2019-06-04T14:30:31Z
714;MDU6SXNzdWU0NDgwNTAyNTI=;{'totalCount': 1};关于算法板块的建议;2019-05-24T08:46:34Z;2019-06-04T14:33:11Z
723;MDU6SXNzdWU0NTY1NDM0MDU=;{'totalCount': 1};进程管理中管道的描述;2019-06-15T14:33:58Z;2019-06-17T16:11:51Z
724;MDU6SXNzdWU0NTY2MTE0OTA=;{'totalCount': 1};leetcode 596题sql有误;2019-06-16T07:22:52Z;2019-06-16T07:24:49Z
727;MDU6SXNzdWU0NTc1MDgyODk=;{'totalCount': 5};位运算算法感觉不可思议,怎么回事? ;2019-06-18T14:14:30Z;2019-06-25T01:56:32Z
730;MDU6SXNzdWU0NTk1NTA4MDk=;{'totalCount': 1};OutputStreamWriter 的描述写错了吧;2019-06-23T08:34:09Z;2019-06-27T03:05:25Z
731;MDU6SXNzdWU0NjAxNjQwMDk=;{'totalCount': 3};I/O 复用中 poll 方法的文件描述符存放结构描述错误;2019-06-25T01:29:03Z;2019-07-13T15:36:44Z
737;MDU6SXNzdWU0NjUwMzg5NDU=;{'totalCount': 1};POP3/IMAP;2019-07-08T03:36:15Z;2019-08-18T16:48:45Z
738;MDU6SXNzdWU0NjUyMDIzOTQ=;{'totalCount': 0};6. 从有序数组中构造二叉查找树 答案有问题;2019-07-08T11:24:55Z;2019-07-08T11:47:12Z
741;MDU6SXNzdWU0NjYwNDE4MjI=;{'totalCount': 1};代码风格规范中的阿里巴巴Java开发手册链接失效;2019-07-10T00:35:40Z;2019-07-13T15:35:17Z
743;MDU6SXNzdWU0NjYxNTU1MjI=;{'totalCount': 5};请教你mk中用的例图是用什么画的;2019-07-10T07:51:11Z;2019-07-13T15:36:19Z
744;MDU6SXNzdWU0NjY5MDk4NTc=;{'totalCount': 1};JUC中对CountDownLatch的描述不准确;2019-07-11T13:57:13Z;2019-07-13T15:50:13Z
746;MDU6SXNzdWU0NjgzODgzNzM=;{'totalCount': 2};位运算-唯一不重复的两个数;2019-07-16T00:14:51Z;2019-07-25T03:19:44Z
750;MDU6SXNzdWU0NzAxODkwMzQ=;{'totalCount': 8};java并发的线程状态的切换，疑问多多;2019-07-19T07:51:43Z;2019-12-12T16:53:41Z
753;MDU6SXNzdWU0NzM2NDI2ODk=;{'totalCount': 6};请问有把markdown文档转成pdf的高效渠道吗?;2019-07-27T14:19:18Z;2019-07-30T02:26:30Z
755;MDU6SXNzdWU0NzQ5ODAwNjg=;{'totalCount': 1};建议在线预览加入PWA;2019-07-31T07:25:03Z;2019-08-18T16:47:50Z
757;MDU6SXNzdWU0NzY0MDYyNzA=;{'totalCount': 2};简单工厂（Simple Factory）不属于设计模式;2019-08-03T02:17:59Z;2019-08-18T16:46:37Z
758;MDU6SXNzdWU0NzY0MTA4ODQ=;{'totalCount': 1};设计模式-责任链;2019-08-03T03:30:07Z;2019-08-18T16:52:05Z
760;MDU6SXNzdWU0NzY1MzA2MTA=;{'totalCount': 1};关于 select 函数中 timeout 参数的精度问题;2019-08-04T08:54:58Z;2019-10-17T17:12:41Z
761;MDU6SXNzdWU0NzgyODgxMDM=;{'totalCount': 1};Java 基础 super 描述有点歧义;2019-08-08T07:00:49Z;2019-08-18T16:42:54Z
765;MDU6SXNzdWU0NzkzMjQzMjk=;{'totalCount': 0};java并发 可见性定义;2019-08-11T02:12:41Z;
767;MDU6SXNzdWU0Nzk0NTY0NjM=;{'totalCount': 2};Java 集合 Vector 描述;2019-08-12T03:46:28Z;2019-08-18T16:34:52Z
768;MDU6SXNzdWU0Nzk0OTcwNzk=;{'totalCount': 1};Java 容器 JDK.1.7 HashMap 扩容源代码描述;2019-08-12T07:10:59Z;2019-08-18T15:32:45Z
770;MDU6SXNzdWU0ODA3NjQ5MjE=;{'totalCount': 2};MySQL中有笔误;2019-08-14T16:06:53Z;2019-08-18T16:20:10Z
771;MDU6SXNzdWU0ODA5NzY0MDI=;{'totalCount': 2};首页几乎所有超链接都404;2019-08-15T03:19:29Z;2019-08-18T16:09:07Z
773;MDU6SXNzdWU0ODE4NDU4Nzk=;{'totalCount': 1};请问Unsafe是Java哪个包下面的类？;2019-08-17T04:20:13Z;2019-08-18T16:08:17Z
774;MDU6SXNzdWU0ODE4OTA3MTU=;{'totalCount': 1};Java基础的包装类型中integer自动拆箱代码有歧义;2019-08-17T14:15:41Z;2019-08-18T15:53:08Z
776;MDU6SXNzdWU0ODMyODM5MTI=;{'totalCount': 1};leetcode题解DFS中【5. 能到达的太平洋和大西洋的区域】方法的返回类型变了;2019-08-21T08:47:13Z;2019-10-16T18:23:10Z
777;MDU6SXNzdWU0ODUyNDUwMzQ=;{'totalCount': 1};数据库系统原理-意向锁;2019-08-26T13:44:34Z;2019-10-17T17:34:10Z
778;MDU6SXNzdWU0ODU3ODEwMzc=;{'totalCount': 2};IO复用中复用的理解;2019-08-27T12:31:28Z;2019-09-10T09:15:48Z
779;MDU6SXNzdWU0ODY3NjY5NTI=;{'totalCount': 0};内存间交互作用;2019-08-29T06:39:08Z;
781;MDU6SXNzdWU0ODc3Mjg4ODc=;{'totalCount': 2};java.util.logging.Logger#log()是否是责任链模式？;2019-08-31T04:30:12Z;2019-09-10T09:20:15Z
784;MDU6SXNzdWU0OTA3NTg3MDc=;{'totalCount': 3};java 基础里关于stringBuffer是线程安全的描述;2019-09-08T14:07:39Z;2019-09-08T14:12:57Z
787;MDU6SXNzdWU0OTMxMjcxNzg=;{'totalCount': 1};Leetcode题解的需要冷却期的股票交易的状态机描述图;2019-09-13T04:12:07Z;2019-10-16T18:16:41Z
788;MDU6SXNzdWU0OTM3MjgyNTA=;{'totalCount': 1};HashMap 扩容-重新计算桶下标;2019-09-15T11:50:23Z;
789;MDU6SXNzdWU0OTQzNTU5MDE=;{'totalCount': 3};Leetcode题解的位运算基本原理部分;2019-09-17T01:41:03Z;2019-10-16T18:04:56Z
792;MDU6SXNzdWU0OTU4NDcxODI=;{'totalCount': 1};Innodb中update的时候后查询的问题？;2019-09-19T14:45:20Z;2019-12-08T11:36:19Z
794;MDU6SXNzdWU0OTY5MTMxMjc=;{'totalCount': 3};HTTPS 章节描述修改;2019-09-23T06:18:54Z;2019-12-12T04:59:45Z
795;MDU6SXNzdWU0OTgwMzI2ODY=;{'totalCount': 1};剑值offer跳台阶迭代解法时result的初始值;2019-09-25T03:54:49Z;2019-10-16T18:00:03Z
796;MDU6SXNzdWU0OTkzMjg4ODg=;{'totalCount': 1};LeetCode bfs 1. 计算在网格中从原点到特定点的最短路径长度 感觉有问题;2019-09-27T09:09:23Z;2019-10-16T17:59:51Z
797;MDU6SXNzdWU1MDEwMjU1MDE=;{'totalCount': 1};no properties discovered to create BeanSerializer (to avoid exception, disable SerializationFeature.FAIL_ON_EMPTY_BEANS) 怎么解决;2019-10-01T17:01:38Z;2019-10-16T17:36:06Z
799;MDU6SXNzdWU1MDMwODU0Mjk=;{'totalCount': 1};leetcode题解中动态规划问题中的找硬币问题;2019-10-06T11:05:00Z;2019-10-16T17:34:23Z
800;MDU6SXNzdWU1MDQwMTEzNDM=;{'totalCount': 1};Java 基础.md   java和c++的对比  关于条件编译;2019-10-08T12:23:58Z;2019-10-16T17:31:59Z
803;MDU6SXNzdWU1MDY5OTQ0NTE=;{'totalCount': 1};Leetcode 题解 - 动态规划 - 股票交易 - 需要冷却期的股票交易 配图有误;2019-10-15T04:17:56Z;2019-10-16T17:25:09Z
809;MDU6SXNzdWU1MTc0NDU5ODE=;{'totalCount': 1};Two sum里第二题：两数平方和的runtime;2019-11-04T22:41:22Z;2019-11-30T13:57:25Z
812;MDU6SXNzdWU1MjA1MzgzNTM=;{'totalCount': 1};二分查找的区间为何是 0 到 len(nums) 而不是 len(nums);2019-11-10T01:24:49Z;
815;MDU6SXNzdWU1MjI0NDcyMjk=;{'totalCount': 3};信件错排对应 leetcode 634 Find the Derangement of An Array;2019-11-13T20:12:46Z;2019-11-30T09:23:33Z
816;MDU6SXNzdWU1MjI1OTQzNTc=;{'totalCount': 1};操作系统部分还缺少文件管理相关的内容;2019-11-14T03:03:41Z;2019-11-30T15:06:51Z
817;MDU6SXNzdWU1MjM3OTI1NTU=;{'totalCount': 2};leetcode题解中动态规划问题中的组合总和不需要排序;2019-11-16T04:57:22Z;2019-11-30T09:02:07Z
819;MDU6SXNzdWU1MjcyMTg2ODQ=;{'totalCount': 1};I/O流中有个OutputStreamWriter是将字节流输出流转换成字符输出流的;2019-11-22T14:10:56Z;2019-11-30T13:24:14Z
820;MDU6SXNzdWU1Mjc1NTUxOTQ=;{'totalCount': 1};分布式事务;2019-11-23T13:05:57Z;2019-11-30T15:32:15Z
821;MDU6SXNzdWU1Mjg0NzA1MTE=;{'totalCount': 2};垃圾收集器的串行与并行解释;2019-11-26T03:52:20Z;2019-11-30T08:53:30Z
822;MDU6SXNzdWU1Mjk2NTY2Mzg=;{'totalCount': 1};剑指offer里面第一题 数组中重复的数字如果给定的数组是{2, 3, 1, 0, 2, 9}如何处理?;2019-11-28T02:20:32Z;2019-11-28T02:22:09Z
823;MDU6SXNzdWU1MzAxNzk1OTA=;{'totalCount': 2};哲学家进餐问题;2019-11-29T06:37:28Z;2019-11-30T15:05:32Z
824;MDU6SXNzdWU1MzA4NjI0MDY=;{'totalCount': 3};C++和python呢？;2019-12-02T03:15:29Z;2019-12-02T17:05:42Z
825;MDU6SXNzdWU1MzEwMTc5NjI=;{'totalCount': 1};剑指 Offer 第 23 题 解法修正;2019-12-02T10:01:32Z;2019-12-03T02:57:01Z
826;MDU6SXNzdWU1MzE4MTkxNzU=;{'totalCount': 1};希望增加 Go 相关内容;2019-12-03T08:45:01Z;2019-12-12T16:56:09Z
827;MDU6SXNzdWU1MzMwNzM1ODY=;{'totalCount': 3};分布式章节的图片挂了？;2019-12-05T01:49:19Z;
828;MDU6SXNzdWU1MzMwODYzNDE=;{'totalCount': 1};MVCC是如何解决脏读和不可重复读的问题的？;2019-12-05T02:36:02Z;
829;MDU6SXNzdWU1MzM3NTMwNjQ=;{'totalCount': 2};二分查找变种中的nums[m] >= key;2019-12-06T05:22:21Z;2019-12-17T03:31:43Z
830;MDU6SXNzdWU1MzYwODAwNTc=;{'totalCount': 1};删除链表中重复的结点;2019-12-11T01:01:50Z;
831;MDU6SXNzdWU1Mzk3MzI2MDM=;{'totalCount': 1};请问那些框图是用什么软件画的？;2019-12-18T14:56:22Z;
833;MDU6SXNzdWU1NDIxMjYxMDc=;{'totalCount': 1};我想请教一下，你的图用draw.io的什么样式，很好看;2019-12-24T13:15:08Z;
834;MDU6SXNzdWU1NDI0MDI2MTc=;{'totalCount': 1};关于算法动画;2019-12-26T01:24:15Z;
836;MDU6SXNzdWU1NDM0MDg3MTI=;{'totalCount': 0};状态模式示例代码;2019-12-29T13:57:16Z;2019-12-29T14:34:48Z
837;MDU6SXNzdWU1NDQwNzY4MDk=;{'totalCount': 0};TCP三次握手的原因的表述问题;2019-12-31T03:28:30Z;2020-01-01T01:45:16Z
839;MDU6SXNzdWU1NDQ4MzAxMDI=;{'totalCount': 1};IO复用的select的文件描述符限制的表达问题;2020-01-03T02:52:28Z;2020-01-09T01:07:32Z
842;MDU6SXNzdWU1NDcyODg3NTE=;{'totalCount': 1};关于剑指offer篇中第一个算法‘’数组中重复的数字的‘’实际复杂度问题;2020-01-09T06:59:52Z;
845;MDU6SXNzdWU1NDg3NjM5NTY=;{'totalCount': 2};Leetcode中不再支持Java Pair;2020-01-13T08:00:48Z;
846;MDU6SXNzdWU1NDkzNTgxNTk=;{'totalCount': 1};关于Leetcode题解排序一节对堆的描述;2020-01-14T06:19:44Z;2020-03-06T09:34:24Z
848;MDU6SXNzdWU1NTI4NTQzMDI=;{'totalCount': 0};哲学家就餐问题的代码;2020-01-21T12:44:42Z;
849;MDU6SXNzdWU1NTQwMTIyNzc=;{'totalCount': 2};leetCode说明错误;2020-01-23T08:34:18Z;2020-02-23T13:56:18Z
850;MDU6SXNzdWU1NTQ2MTMzNTg=;{'totalCount': 2};Maven 仓库的搜索顺序有误;2020-01-24T08:54:54Z;2020-02-24T13:54:13Z
854;MDU6SXNzdWU1NjE5OTMzNTE=;{'totalCount': 2};剑指Offer重建二叉树一节有图挂了;2020-02-08T09:11:28Z;2020-02-23T16:39:11Z
856;MDU6SXNzdWU1NjUxNzk5MjY=;{'totalCount': 1};Java虚拟机一块类加载的#5初始化标题少了空格;2020-02-14T08:36:39Z;2020-02-23T12:25:47Z
858;MDU6SXNzdWU1NjU2NzkwMTc=;{'totalCount': 2};缓存那一块最后的一个LRU算法是有问题的吧;2020-02-15T03:42:05Z;2020-02-23T12:22:28Z
859;MDU6SXNzdWU1NjU3MTEwODY=;{'totalCount': 2};很多图片无法加载;2020-02-15T07:28:54Z;2020-02-23T13:57:29Z
860;MDU6SXNzdWU1NjU4NjM1MDI=;{'totalCount': 2};图片失效;2020-02-16T07:16:06Z;2020-02-23T13:57:08Z
861;MDU6SXNzdWU1NjYwMjQxNTQ=;{'totalCount': 1};大佬，Java基础中的第八章泛型和第九章异常的链接挂掉了;2020-02-17T02:42:56Z;2020-02-23T12:18:54Z
870;MDU6SXNzdWU1Njc0MTAwMTk=;{'totalCount': 1};grep那里-c是统计匹配到行的个数，不是匹配成功的个数;2020-02-19T08:52:00Z;2020-02-23T08:37:31Z
879;MDU6SXNzdWU1Njg3NDI0NDI=;{'totalCount': 2};Linux-九、正则表达式-grep;2020-02-21T05:19:15Z;2020-02-23T08:35:28Z
881;MDU6SXNzdWU1Njk0OTg3NjQ=;{'totalCount': 0};图片失效或者访问速度慢;2020-02-23T13:55:16Z;
883;MDU6SXNzdWU1NzE4ODAxNTU=;{'totalCount': 0};程序计数器的定义问题;2020-02-27T07:36:36Z;
884;MDU6SXNzdWU1NzM0OTAwMjk=;{'totalCount': 0};337. House Robber III (Medium);2020-03-01T05:55:55Z;
885;MDU6SXNzdWU1NzM1MDg0NDY=;{'totalCount': 0};找不到 “43. 从 1 到 n 整数中 1 出现的次数” ;2020-03-01T08:43:16Z;
890;MDU6SXNzdWU1Nzk2MzEyNzA=;{'totalCount': 2};关于引用和值传递;2020-03-12T01:12:50Z;
892;MDU6SXNzdWU1ODEyNjMyOTI=;{'totalCount': 0};有个地方的链接不完整;2020-03-14T15:55:33Z;
896;MDU6SXNzdWU1ODU0MDk3OTI=;{'totalCount': 1};关于虚引用问题;2020-03-21T02:08:26Z;
897;MDU6SXNzdWU1ODU2NTI4Nzg=;{'totalCount': 5};new String 是否在 String Pool 中创建对象;2020-03-22T06:05:03Z;
902;MDU6SXNzdWU1ODg4NjY5NTI=;{'totalCount': 3};Java 并发.md-BlockingQueue-生产者消费者问题;2020-03-27T03:47:53Z;
905;MDU6SXNzdWU1ODk5NDI0MjE=;{'totalCount': 0};Java虚拟机部分动态对象年龄判断有误;2020-03-30T02:02:16Z;
906;MDU6SXNzdWU1OTAwMzg1NjQ=;{'totalCount': 0};Java基础里有个错别字;2020-03-30T06:50:02Z;
909;MDU6SXNzdWU1OTI2NzU5MDg=;{'totalCount': 0};java并发-第八章JoinFork有错误;2020-04-02T14:27:49Z;2020-04-02T14:41:56Z
914;MDU6SXNzdWU1OTkzMDk3NDk=;{'totalCount': 0};算法;2020-04-14T05:36:53Z;2020-04-14T05:37:31Z
915;MDU6SXNzdWU1OTk0NDQyMDg=;{'totalCount': 0};ReadView判断数据行是否可用;2020-04-14T09:55:41Z;
922;MDU6SXNzdWU2MDM2NTYyMDA=;{'totalCount': 0};中文排版指北外链;2020-04-21T02:23:03Z;
924;MDU6SXNzdWU2MDYwODYxNzk=;{'totalCount': 0};想问下作者画数据结构的工具叫啥;2020-04-24T06:54:58Z;
927;MDU6SXNzdWU2MDcyNTEyMjA=;{'totalCount': 0};发错的issue;2020-04-27T05:40:23Z;2020-04-27T05:40:54Z
928;MDU6SXNzdWU2MDc5MzAzMDI=;{'totalCount': 0};cs-notes;2020-04-28T00:03:22Z;2020-04-28T00:05:06Z
929;MDU6SXNzdWU2MDc5NTkwNTM=;{'totalCount': 0};知识点;2020-04-28T01:34:39Z;2020-04-29T07:04:25Z
930;MDU6SXNzdWU2MDc5ODk3NjA=;{'totalCount': 0};LeetCode题解动态规划找硬币;2020-04-28T03:08:59Z;
931;MDU6SXNzdWU2MDg4MTg0MTk=;{'totalCount': 0};lc 406 应该用linkedlist而不是arraylist？;2020-04-29T06:46:25Z;2020-04-29T06:59:11Z
932;MDU6SXNzdWU2MTA1NDUwMDU=;{'totalCount': 0};b+树相较于红黑树是否能减少查找次数;2020-05-01T03:58:09Z;
933;MDU6SXNzdWU2MTM4NDc0MzY=;{'totalCount': 0};自荐 CS-Wiki;2020-05-07T07:47:51Z;2020-05-09T05:06:48Z
936;MDU6SXNzdWU2MTUzMzMxMzU=;{'totalCount': 0};5. 删除链表的倒数第 n 个节点;2020-05-10T07:12:25Z;
